-- phpMyAdmin SQL Dump
-- version 4.5.1
-- http://www.phpmyadmin.net
--
-- Host: 127.0.0.1
-- Generation Time: Nov 07, 2016 at 04:01 PM
-- Server version: 10.1.16-MariaDB
-- PHP Version: 5.5.38

SET SQL_MODE = "NO_AUTO_VALUE_ON_ZERO";
SET time_zone = "+00:00";


/*!40101 SET @OLD_CHARACTER_SET_CLIENT=@@CHARACTER_SET_CLIENT */;
/*!40101 SET @OLD_CHARACTER_SET_RESULTS=@@CHARACTER_SET_RESULTS */;
/*!40101 SET @OLD_COLLATION_CONNECTION=@@COLLATION_CONNECTION */;
/*!40101 SET NAMES utf8mb4 */;

--
-- Database: `web_tech`
--

-- --------------------------------------------------------

--
-- Table structure for table `admin_tag_table`
--

CREATE TABLE `admin_tag_table` (
  `images_id` int(11) NOT NULL,
  `tag` char(50) NOT NULL
) ENGINE=InnoDB DEFAULT CHARSET=latin1;

--
-- Dumping data for table `admin_tag_table`
--

INSERT INTO `admin_tag_table` (`images_id`, `tag`) VALUES
(1, 'blue'),
(1, 'reflection'),
(1, 'river'),
(1, 'sky'),
(2, 'blue sky'),
(2, 'cycle'),
(2, 'jango'),
(3, 'distort'),
(3, 'mountains'),
(3, 'rays'),
(3, 'valley'),
(4, 'cubs'),
(4, 'family'),
(4, 'mountains'),
(5, 'breast'),
(5, 'hair'),
(5, 'lady'),
(5, 'shit'),
(5, 'statue'),
(5, 'stone'),
(6, 'cosmic'),
(6, 'diamond ring'),
(6, 'eclipse'),
(6, 'planet'),
(6, 'ring'),
(6, 'rocks'),
(6, 'saturn'),
(6, 'space'),
(6, 'stars'),
(6, 'uranus'),
(7, 'audience'),
(7, 'boring'),
(7, 'desk'),
(7, 'framework'),
(7, 'mic'),
(7, 'middle aged'),
(7, 'orator'),
(7, 'room'),
(7, 'sleepy'),
(7, 'speaker'),
(7, 'stones'),
(7, 'talk show'),
(8, 'adidas'),
(8, 'brands'),
(8, 'foreigners'),
(8, 'greenary'),
(8, 'london'),
(8, 'marathon'),
(8, 'race'),
(8, 'running race'),
(8, 'stripes'),
(8, 'track pants'),
(8, 'vitality'),
(9, 'amvelt'),
(9, 'architechure'),
(9, 'blue sky'),
(9, 'building'),
(9, 'clean room'),
(9, 'glass'),
(9, 'lane'),
(9, 'office'),
(9, 'palm tree'),
(10, 'blur'),
(10, 'coral'),
(10, 'coral reef'),
(10, 'eggs'),
(10, 'fish'),
(10, 'float'),
(10, 'orange fish'),
(10, 'swin'),
(11, 'artic'),
(11, 'cold'),
(11, 'geo station'),
(11, 'ice'),
(11, 'isolation'),
(11, 'panorama'),
(11, 'snow'),
(11, 'sunrise'),
(11, 'suspension'),
(11, 'window'),
(12, 'bowl'),
(12, 'coriandor'),
(12, 'fast food'),
(12, 'food'),
(12, 'fried'),
(12, 'fries'),
(12, 'junk'),
(12, 'mayo'),
(12, 'spicy'),
(12, 'tasty'),
(13, 'amazon'),
(13, 'apex'),
(13, 'biology'),
(13, 'bulged eyes'),
(13, 'dark background'),
(13, 'frog'),
(13, 'leaf'),
(13, 'night'),
(13, 'slime'),
(13, 'swamp'),
(13, 'tiny'),
(13, 'toad'),
(13, 'tropic'),
(13, 'tropical'),
(14, 'adventure'),
(14, 'avalanche'),
(14, 'board'),
(14, 'cold'),
(14, 'downstream'),
(14, 'frost'),
(14, 'ice'),
(14, 'jacket'),
(14, 'skiing'),
(14, 'skull cap'),
(14, 'slope'),
(14, 'snow'),
(15, 'bends'),
(15, 'blue'),
(15, 'bubbles'),
(15, 'deep ocean'),
(15, 'exploring'),
(15, 'fish'),
(15, 'oxygen tank'),
(15, 'pressure'),
(15, 'propeller'),
(15, 'scuba diving'),
(15, 'sea divers'),
(15, 'swimmers'),
(15, 'turtle'),
(15, 'USA flag'),
(16, 'chappals'),
(16, 'foreigners'),
(16, 'gays'),
(16, 'hot girls'),
(16, 'id cards'),
(16, 'interns'),
(16, 'iphone'),
(16, 'jeans'),
(16, 'nigga'),
(16, 'people'),
(16, 'photoshot'),
(16, 'specs'),
(16, 'students'),
(16, 'team'),
(16, 'three rows'),
(17, 'beef'),
(17, 'goose'),
(17, 'mutton'),
(17, 'non-veg'),
(17, 'oily'),
(17, 'plate'),
(17, 'proteins'),
(17, 'red meat'),
(17, 'roasted chicken'),
(17, 'slice'),
(17, 'smoky'),
(18, 'baby'),
(18, 'babys day out'),
(18, 'child'),
(18, 'crawling'),
(18, 'diaper'),
(18, 'happy'),
(18, 'infant'),
(18, 'kinder garden'),
(18, 'lawn'),
(18, 'pleasant'),
(18, 'prajwal'),
(18, 'shadow'),
(18, 'toddler'),
(19, 'beach'),
(19, 'bridge'),
(19, 'chimney'),
(19, 'dusk'),
(19, 'friends'),
(19, 'holding hands'),
(19, 'industrial area'),
(19, 'lake'),
(19, 'lesbian'),
(19, 'partner'),
(19, 'river'),
(19, 'sunset'),
(19, 'walk'),
(19, 'water'),
(20, 'cars'),
(20, 'castle'),
(20, 'chapel'),
(20, 'church'),
(20, 'monaco'),
(20, 'ocean'),
(20, 'pleasant'),
(20, 'scenary'),
(20, 'trees'),
(20, 'vacation'),
(21, 'aliens'),
(21, 'alone'),
(21, 'astronaut'),
(21, 'lonely'),
(21, 'mars'),
(21, 'martian'),
(21, 'matt damon'),
(21, 'mountain'),
(21, 'NASA'),
(21, 'planet'),
(21, 'sand'),
(21, 'scifi'),
(21, 'space'),
(21, 'space exploration'),
(21, 'spacesuit'),
(22, 'auditorium'),
(22, 'benches'),
(22, 'conference hall'),
(22, 'hall'),
(22, 'lighting'),
(22, 'seminar'),
(22, 'speach'),
(22, 'speak'),
(22, 'talk'),
(23, 'ajjas'),
(23, 'awardee'),
(23, 'certificate'),
(23, 'intellectuals'),
(23, 'literates'),
(23, 'old men'),
(23, 'padmabushan'),
(23, 'people'),
(23, 'recognition'),
(23, 'red tie'),
(23, 'suit'),
(23, 'water bottle'),
(24, 'brown sweater'),
(24, 'chineese'),
(24, 'drugs'),
(24, 'glass modeling'),
(24, 'glasses'),
(24, 'gloves'),
(24, 'inhale'),
(24, 'korean'),
(24, 'sucking'),
(24, 'weed'),
(25, 'blue sky'),
(25, 'cactus'),
(25, 'copyrights'),
(25, 'desert'),
(25, 'electric line'),
(25, 'electricity'),
(25, 'grasslands'),
(25, 'landscape'),
(25, 'nevada'),
(25, 'poles'),
(25, 'power supply'),
(25, 'road'),
(26, 'blue silk'),
(26, 'cleavage'),
(26, 'glass'),
(26, 'gloves'),
(26, 'hot'),
(26, 'lab'),
(26, 'niggi'),
(26, 'petri dish'),
(26, 'scrap'),
(26, 'shearvani'),
(26, 'shelf'),
(26, 'tray'),
(26, 'wapking'),
(26, 'watch'),
(26, 'women'),
(27, 'architecture'),
(27, 'compound'),
(27, 'design'),
(27, 'display board'),
(27, 'fraternity'),
(27, 'grills'),
(27, 'leo'),
(27, 'lion'),
(27, 'lions club'),
(27, 'medivial'),
(27, 'MGM'),
(27, 'plants'),
(28, 'animal skin'),
(28, 'bed'),
(28, 'camp'),
(28, 'camping'),
(28, 'candle'),
(28, 'design light'),
(28, 'fur'),
(28, 'lamplight'),
(28, 'leather'),
(28, 'moods'),
(28, 'pillow'),
(28, 'romance'),
(28, 'romantic'),
(28, 'tent'),
(29, 'arsenal'),
(29, 'chairs'),
(29, 'cheers'),
(29, 'coco cola'),
(29, 'empty'),
(29, 'football'),
(29, 'goal post'),
(29, 'lawn'),
(29, 'new'),
(29, 'panorama'),
(29, 'premier league'),
(29, 'red'),
(29, 'soccer'),
(29, 'stadium'),
(29, 'stands'),
(30, 'drift'),
(30, 'snow'),
(31, 'aspiring'),
(31, 'beautiful'),
(31, 'boob'),
(31, 'bras'),
(31, 'charm'),
(31, 'chatting'),
(31, 'chick'),
(31, 'fair'),
(31, 'indian'),
(31, 'laptop'),
(31, 'on bed'),
(31, 'orange pillow'),
(31, 'sexy'),
(31, 'smiling'),
(32, 'alone'),
(32, 'carpet'),
(32, 'foliage'),
(32, 'glass'),
(32, 'glass door'),
(32, 'logan'),
(32, 'loneliness'),
(32, 'mat'),
(32, 'oldage'),
(32, 'professor X'),
(32, 'shadow'),
(32, 'sunrise'),
(32, 'wheel chair'),
(32, 'winter'),
(33, 'carnival'),
(33, 'chairs'),
(33, 'chandelier'),
(33, 'curtain'),
(33, 'dining room'),
(33, 'furniture'),
(33, 'hall'),
(33, 'house'),
(33, 'interior designing'),
(33, 'lamp'),
(33, 'living room'),
(33, 'marble'),
(33, 'painting'),
(33, 'potrait'),
(33, 'sofa'),
(33, 'window'),
(34, 'fire'),
(34, 'frying'),
(34, 'grilling'),
(34, 'hot dog'),
(34, 'sausage'),
(34, 'sticks'),
(35, 'ab ki baar trump sarkar'),
(35, 'asshole'),
(35, 'billionaire'),
(35, 'bitch please'),
(35, 'business man'),
(35, 'chutiya'),
(35, 'donald'),
(35, 'donald trump'),
(35, 'drumpf'),
(35, 'flags'),
(35, 'loser'),
(35, 'make america great again'),
(35, 'mic'),
(35, 'orange'),
(35, 'potato'),
(35, 'presidential canditate'),
(35, 'pussy'),
(35, 'speech'),
(35, 'suit'),
(35, 'trump'),
(35, 'USA'),
(36, 'blue shirt'),
(36, 'chain'),
(36, 'couple'),
(36, 'dedonta'),
(36, 'desk'),
(36, 'fair'),
(36, 'hallway'),
(36, 'interview'),
(36, 'laptop'),
(36, 'skype'),
(36, 'smiling'),
(36, 'table'),
(36, 'video chat'),
(36, 'window'),
(37, 'blue sky'),
(37, 'caps'),
(37, 'coconut trees'),
(37, 'grass'),
(37, 'id cards'),
(37, 'india flag'),
(37, 'indians'),
(37, 'lawn'),
(37, 'palm trees'),
(37, 'party'),
(37, 'pole'),
(37, 'protest'),
(37, 'pulsar bike'),
(37, 'purple flag'),
(37, 'saree'),
(37, 'shamiana'),
(37, 'yellow cap'),
(38, '2 states'),
(38, 'aashirvada'),
(38, 'blessing'),
(38, 'blue sky'),
(38, 'chair'),
(38, 'culture'),
(38, 'decoration'),
(38, 'garland'),
(38, 'indian marriage'),
(38, 'lungi'),
(38, 'matrimony'),
(38, 'north indian'),
(38, 'parents'),
(38, 'saree'),
(38, 'shaadi'),
(38, 'traditional'),
(38, 'tree'),
(39, 'alps'),
(39, 'cliffs'),
(39, 'george'),
(39, 'hot air balloons'),
(39, 'landscape'),
(39, 'pointed'),
(39, 'rocks'),
(39, 'scenary'),
(39, 'trees'),
(39, 'valley'),
(40, 'antartica'),
(40, 'artic poles'),
(40, 'aurora'),
(40, 'bourialis'),
(40, 'camps'),
(40, 'cold'),
(40, 'forest'),
(40, 'frost'),
(40, 'green light'),
(40, 'ice'),
(40, 'landscape'),
(40, 'phenomena'),
(40, 'pine trees'),
(40, 'scenary'),
(40, 'snow'),
(40, 'sweden'),
(40, 'winter'),
(41, 'blue sky'),
(41, 'building'),
(41, 'cement'),
(41, 'generator'),
(41, 'industry'),
(41, 'pipeline'),
(41, 'smoke'),
(41, 'tar'),
(42, 'allahu akbar'),
(42, 'arab'),
(42, 'bomb'),
(42, 'bricks'),
(42, 'graffiti'),
(42, 'iran'),
(42, 'iraq'),
(42, 'ISIS'),
(42, 'muslim'),
(42, 'pakistan'),
(42, 'rocket'),
(42, 'ruins'),
(42, 'saudi arabia'),
(42, 'syria'),
(42, 'terrorist'),
(43, 'basketball court'),
(43, 'hoops'),
(43, 'inception'),
(43, 'inverted'),
(43, 'playing'),
(43, 'upsidedown'),
(44, 'bed'),
(44, 'christmas'),
(44, 'dumbeldore'),
(44, 'fraud'),
(44, 'mug'),
(44, 'pen'),
(44, 'red and white'),
(44, 'santa claus'),
(44, 'snowy beard'),
(45, 'brunette'),
(45, 'comiccon'),
(45, 'comics'),
(45, 'eye'),
(45, 'homecoming'),
(45, 'hot'),
(45, 'mary jane'),
(45, 'sandiego'),
(45, 'teen'),
(45, 'zendelya'),
(46, 'indian'),
(46, 'marathi'),
(46, 'plastic bottle'),
(46, 'rural'),
(46, 'stall'),
(47, 'family'),
(47, 'group pic'),
(47, 'metro'),
(47, 'sunny'),
(47, 'tracks'),
(47, 'train'),
(47, 'windows'),
(48, 'crane'),
(48, 'mechanical'),
(48, 'orange'),
(48, 'transport'),
(49, 'black and white'),
(49, 'charlie chaplin'),
(49, 'clock gears'),
(49, 'comedy'),
(49, 'gear'),
(49, 'gears'),
(49, 'watch'),
(50, 'africa'),
(50, 'baby elephant'),
(50, 'elephants'),
(50, 'forest'),
(50, 'jeep'),
(50, 'safari'),
(50, 'shrub'),
(50, 'tuskers');

-- --------------------------------------------------------

--
-- Table structure for table `images_tbl`
--

CREATE TABLE `images_tbl` (
  `images_id` int(11) NOT NULL,
  `images_path` varchar(200) NOT NULL
) ENGINE=InnoDB DEFAULT CHARSET=latin1;

--
-- Dumping data for table `images_tbl`
--

INSERT INTO `images_tbl` (`images_id`, `images_path`) VALUES
(1, './image/1.jpg'),
(2, './image/2.jpg'),
(3, './image/3.jpg'),
(4, './image/4.jpg'),
(5, './image/5.jpg'),
(6, './image/6.jpg'),
(7, './image/7.jpg'),
(8, './image/8.jpg'),
(9, './image/9.jpg'),
(10, './image/10.jpg'),
(11, './image/11.jpg'),
(12, './image/12.jpg'),
(13, './image/13.jpg'),
(14, './image/14.jpg'),
(15, './image/15.jpg'),
(16, './image/16.jpg'),
(17, './image/17.jpg'),
(18, './image/18.jpg'),
(19, './image/19.jpg'),
(20, './image/20.jpg'),
(21, './image/21.jpg'),
(22, './image/22.jpg'),
(23, './image/23.jpg'),
(24, './image/24.jpg'),
(25, './image/25.jpg'),
(26, './image/26.jpg'),
(27, './image/27.jpg'),
(28, './image/28.jpg'),
(29, './image/29.jpg'),
(30, './image/30.jpg'),
(31, './image/31.jpg'),
(32, './image/32.jpg'),
(33, './image/33.jpg'),
(34, './image/34.jpg'),
(35, './image/35.jpg'),
(36, './image/36.jpg'),
(37, './image/37.jpg'),
(38, './image/38.jpg'),
(39, './image/39.jpg'),
(40, './image/40.jpg'),
(41, './image/41.jpg'),
(42, './image/42.jpg'),
(43, './image/43.jpg'),
(44, './image/44.jpg'),
(45, './image/45.jpg'),
(46, './image/46.jpg'),
(47, './image/47.jpg'),
(48, './image/48.jpg'),
(49, './image/49.jpg'),
(50, './image/50.jpg');

-- --------------------------------------------------------

--
-- Table structure for table `leaderboard`
--

CREATE TABLE `leaderboard` (
  `user_id` varchar(50) NOT NULL,
  `total_points` int(11) NOT NULL
) ENGINE=InnoDB DEFAULT CHARSET=latin1;

--
-- Dumping data for table `leaderboard`
--

INSERT INTO `leaderboard` (`user_id`, `total_points`) VALUES
('aparajit', 50),
('p', 10),
('para', 0),
('praveen', 0),
('rahul', 40),
('rayan', 220);

-- --------------------------------------------------------

--
-- Table structure for table `user_points`
--

CREATE TABLE `user_points` (
  `user_id` varchar(50) NOT NULL,
  `points` int(11) NOT NULL,
  `session_id` int(11) NOT NULL
) ENGINE=InnoDB DEFAULT CHARSET=latin1;

--
-- Dumping data for table `user_points`
--

INSERT INTO `user_points` (`user_id`, `points`, `session_id`) VALUES
('aparajit', 0, 0),
('aparajit', 50, 1),
('aparajit', 0, 2),
('p', 0, 0),
('p', 10, 1),
('p', 0, 2),
('rahul', 0, 0),
('rahul', 0, 1),
('rahul', 20, 2),
('rahul', 20, 3),
('rahul', 10, 4),
('rayan', 0, 0),
('rayan', 60, 1),
('praveen', 0, 0),
('praveen', 0, 1),
('rayan', 0, 2),
('rayan', 0, 2),
('rayan', 20, 3),
('rayan', 0, 4),
('rayan', 10, 5),
('rayan', 40, 6),
('rayan', 0, 7),
('rayan', 20, 8),
('rayan', 10, 9),
('rayan', 30, 10),
('rayan', 10, 11),
('rayan', 0, 12),
('rayan', 0, 13),
('rayan', 0, 14),
('para', 0, 0),
('rayan', 0, 15),
('rayan', 0, 16),
('rayan', 0, 16),
('para', 0, 0),
('rayan', 20, 17),
('rayan', 30, 18);

-- --------------------------------------------------------

--
-- Table structure for table `user_tag_table`
--

CREATE TABLE `user_tag_table` (
  `images_id` int(11) NOT NULL,
  `user_id` varchar(60) NOT NULL,
  `tag` varchar(60) NOT NULL,
  `session_id` int(11) NOT NULL
) ENGINE=InnoDB DEFAULT CHARSET=latin1;

--
-- Dumping data for table `user_tag_table`
--

INSERT INTO `user_tag_table` (`images_id`, `user_id`, `tag`, `session_id`) VALUES
(1, 'rayan', 'reflection', 6),
(1, 'rayan', 'river', 6),
(1, 'aparajit', 'sky', 1),
(1, 'rahul', 'sky', 2),
(2, 'rayan', 'blue sky', 8),
(2, 'aparajit', 'cycle', 1),
(2, 'rahul', 'cycle', 2),
(2, 'rayan', 'jango', 8),
(3, 'rayan', 'distort', 17),
(3, 'aparajit', 'mountains', 1),
(3, 'rahul', 'rays', 3),
(3, 'rahul', 'valley', 3),
(4, 'aparajit', 'cubs', 1),
(4, 'rahul', 'family', 4),
(4, 'rayan', 'family', 18),
(4, 'aparajit', 'mountains', 1),
(8, 'rayan', 'vitality', 11),
(13, 'rayan', 'frog', 6),
(16, 'rayan', 'people', 10),
(18, 'rayan', 'baby', 10),
(20, 'rayan', 'castle', 6),
(22, 'rayan', 'auditorium', 10),
(23, 'rayan', 'people', 17),
(25, 'rayan', 'blue sky', 5),
(26, 'rayan', 'wapking', 9),
(28, 'rayan', 'animal skin', 1),
(28, 'rayan', 'candle', 1),
(28, 'rayan', 'romance', 1),
(29, 'rayan', 'cheers', 1),
(29, 'rayan', 'coco cola', 1),
(29, 'rayan', 'stadium', 1),
(30, 'rayan', 'drift', 18),
(30, 'rayan', 'snow', 18),
(49, 'rayan', 'gear', 3),
(49, 'rayan', 'gears', 3);

--
-- Indexes for dumped tables
--

--
-- Indexes for table `admin_tag_table`
--
ALTER TABLE `admin_tag_table`
  ADD PRIMARY KEY (`images_id`,`tag`);

--
-- Indexes for table `images_tbl`
--
ALTER TABLE `images_tbl`
  ADD PRIMARY KEY (`images_id`);

--
-- Indexes for table `leaderboard`
--
ALTER TABLE `leaderboard`
  ADD PRIMARY KEY (`user_id`);

--
-- Indexes for table `user_tag_table`
--
ALTER TABLE `user_tag_table`
  ADD PRIMARY KEY (`images_id`,`tag`,`user_id`);

/*!40101 SET CHARACTER_SET_CLIENT=@OLD_CHARACTER_SET_CLIENT */;
/*!40101 SET CHARACTER_SET_RESULTS=@OLD_CHARACTER_SET_RESULTS */;
/*!40101 SET COLLATION_CONNECTION=@OLD_COLLATION_CONNECTION */;
